<?xml version="1.0" encoding="UTF-8" standalone="yes"?><manifest><archiveItems><item>SERVICE_OFFERING_HP_Helion_Managed_Eucalyptus_Private_Cloud_8f2390334faf59a7014fb17c91d20263.xml</item><itemLocation>com.hp.csa.model.vo.consumer.ServiceOfferingVO</itemLocation><itemType>com.hp.csa.model.vo.consumer.ServiceOfferingVO</itemType></archiveItems><archiveItems><item>SERVICE_DESIGN_Order_for_eucalyptus_8f2390334ed96635014ed981da240169.xml</item><itemLocation>com.hp.csa.model.vo.service.ServiceBlueprintVO</itemLocation><itemType>com.hp.csa.model.vo.service.ServiceBlueprintVO</itemType></archiveItems><archiveItems><item>server.png</item><itemLocation>/images/categories/component_type/server.png</itemLocation><itemType>File</itemType></archiveItems><archiveItems><item>default.png</item><itemLocation>/images/library/default.png</itemLocation><itemType>File</itemType></archiveItems><archiveItems><item>Service_Design.png</item><itemLocation>/images/library/Service_Design.png</itemLocation><itemType>File</itemType></archiveItems><archiveItems><item>EUCA_LOGO_250x250-01.png</item><itemLocation>/images/library/EUCA_LOGO_250x250-01.png</itemLocation><itemType>File</itemType></archiveItems><csaVersion>04.50.0000.0</csaVersion></manifest>