<?xml version="1.0" encoding="UTF-8" standalone="yes"?><ServiceOffering><id>8f2390334faf59a7014fb17c91d20263</id><objectId>8f2390334faf59a7014fb17c91d20263</objectId><createdOn>2015-09-09T05:42:55.186-04:00</createdOn><updatedOn>2015-09-24T23:19:01.791-04:00</updatedOn><createdBy><id>90d96588360da0c701360da0f1d600a1</id><objectId>90d96588360da0c701360da0f1d600a1</objectId><isCriticalSystemObject>true</isCriticalSystemObject><description>admin</description><iconUrl>http://localhost/admin</iconUrl><name>admin</name><displayName>admin</displayName><disabled>false</disabled></createdBy><updatedBy><id>90d96588360da0c701360da0f1d600a1</id><objectId>90d96588360da0c701360da0f1d600a1</objectId><isCriticalSystemObject>true</isCriticalSystemObject><description>admin</description><iconUrl>http://localhost/admin</iconUrl><name>admin</name><displayName>admin</displayName><disabled>false</disabled></updatedBy><isCriticalSystemObject>false</isCriticalSystemObject><description>Build private clouds that are compatible with AWS APIs. Pool together computer, network, and storage resources within your IT environment to create on-demand, self-service private cloud resources.</description><iconUrl>/csa/images/library/EUCA_LOGO_250x250-01.png</iconUrl><name>HP_Helion_Eucalyptus_Managed_Private_Cloud_181bf7a4-eff5-4847-b425-41e347a7ae35</name><displayName>HP Helion Managed Eucalyptus Private Cloud</displayName><state><id>90d96588360da0c701360da0ef470038</id><objectId>90d96588360da0c701360da0ef470038</objectId><createdOn>2015-07-22T09:22:49.530-04:00</createdOn><isCriticalSystemObject>true</isCriticalSystemObject><description>Active</description><iconUrl>/csa/images/categories/artifact_state/active.png</iconUrl><name>ACTIVE</name><displayName>Active</displayName><disabled>false</disabled><categoryType><id>90d96588360da0c701360da0ef420037</id><objectId>90d96588360da0c701360da0ef420037</objectId><isCriticalSystemObject>true</isCriticalSystemObject><description>Artifact State</description><name>ARTIFACT_STATE</name><displayName>Artifact State</displayName><extensible>false</extensible></categoryType></state><optionModel><id>8f2390334faf59a7014fb17c91d20264</id><objectId>8f2390334faf59a7014fb17c91d20264</objectId><createdOn>2015-09-09T05:42:55.186-04:00</createdOn><updatedOn>2015-09-24T23:18:40.890-04:00</updatedOn><createdBy><id>90d96588360da0c701360da0f1d600a1</id><objectId>90d96588360da0c701360da0f1d600a1</objectId><isCriticalSystemObject>true</isCriticalSystemObject><description>admin</description><iconUrl>http://localhost/admin</iconUrl><name>admin</name><displayName>admin</displayName><disabled>false</disabled></createdBy><updatedBy><id>90d96588360da0c701360da0f1d600a1</id><objectId>90d96588360da0c701360da0f1d600a1</objectId><isCriticalSystemObject>true</isCriticalSystemObject><description>admin</description><iconUrl>http://localhost/admin</iconUrl><name>admin</name><displayName>admin</displayName><disabled>false</disabled></updatedBy><isCriticalSystemObject>false</isCriticalSystemObject><name>Order</name><optionSets><id>8f2390334faf59a7014fb17c91d40280</id><objectId>8f2390334faf59a7014fb17c91d40280</objectId><createdOn>2015-09-09T05:42:55.188-04:00</createdOn><updatedOn>2015-09-24T23:18:39.204-04:00</updatedOn><createdBy><id>90d96588360da0c701360da0f1d600a1</id><objectId>90d96588360da0c701360da0f1d600a1</objectId><isCriticalSystemObject>true</isCriticalSystemObject><description>admin</description><iconUrl>http://localhost/admin</iconUrl><name>admin</name><displayName>admin</displayName><disabled>false</disabled></createdBy><updatedBy><id>90d96588360da0c701360da0f1d600a1</id><objectId>90d96588360da0c701360da0f1d600a1</objectId><isCriticalSystemObject>true</isCriticalSystemObject><description>admin</description><iconUrl>http://localhost/admin</iconUrl><name>admin</name><displayName>admin</displayName><disabled>false</disabled></updatedBy><isCriticalSystemObject>false</isCriticalSystemObject><iconUrl>/csa/images/library/default.png</iconUrl><name>CB04C6BC-12CE-5CE4-3436-D4ADE006C8DA</name><displayName>Choose the size of Eucalyptus</displayName><options><id>8f2390334faf59a7014fb17c91d30271</id><objectId>8f2390334faf59a7014fb17c91d30271</objectId><createdOn>2015-09-09T05:42:55.187-04:00</createdOn><updatedOn>2015-09-24T23:18:39.204-04:00</updatedOn><createdBy><id>90d96588360da0c701360da0f1d600a1</id><objectId>90d96588360da0c701360da0f1d600a1</objectId><isCriticalSystemObject>true</isCriticalSystemObject><description>admin</description><iconUrl>http://localhost/admin</iconUrl><name>admin</name><displayName>admin</displayName><disabled>false</disabled></createdBy><updatedBy><id>90d96588360da0c701360da0f1d600a1</id><objectId>90d96588360da0c701360da0f1d600a1</objectId><isCriticalSystemObject>true</isCriticalSystemObject><description>admin</description><iconUrl>http://localhost/admin</iconUrl><name>admin</name><displayName>admin</displayName><disabled>false</disabled></updatedBy><isCriticalSystemObject>false</isCriticalSystemObject><name>1EAB808C-4ECD-15A6-87E9-D4ADE00194CF</name><displayName>Eucalyptus Configuration</displayName><consumerReadOnly>false</consumerReadOnly><consumerVisible>true</consumerVisible><isSelected>true</isSelected><orderIndex>0</orderIndex><pricing xmlns:xsi="http://www.w3.org/2001/XMLSchema-instance" xsi:type="recurrentPricingVO"><id>8f2390334faf59a7014fb17c91d3026f</id><createdOn>2015-09-09T05:42:55.187-04:00</createdOn><updatedOn>2015-09-09T05:42:56.004-04:00</updatedOn><createdBy><id>90d96588360da0c701360da0f1d600a1</id><objectId>90d96588360da0c701360da0f1d600a1</objectId><isCriticalSystemObject>true</isCriticalSystemObject><description>admin</description><iconUrl>http://localhost/admin</iconUrl><name>admin</name><displayName>admin</displayName><disabled>false</disabled></createdBy><updatedBy><id>90d96588360da0c701360da0f1d600a1</id><objectId>90d96588360da0c701360da0f1d600a1</objectId><isCriticalSystemObject>true</isCriticalSystemObject><description>admin</description><iconUrl>http://localhost/admin</iconUrl><name>admin</name><displayName>admin</displayName><disabled>false</disabled></updatedBy><priceCategory><id>90d9650a36897af90136897bc8c10015</id><objectId>90d9650a36897af90136897bc8c10015</objectId><createdOn>2015-07-22T09:22:52.326-04:00</createdOn><isCriticalSystemObject>true</isCriticalSystemObject><description>RECURRING</description><iconUrl>/csa/images/categories/price/recurring.png</iconUrl><name>RECURRING</name><displayName>RECURRING</displayName><disabled>false</disabled><categoryType><id>90d9650a36897af90136897bc7c70014</id><objectId>90d9650a36897af90136897bc7c70014</objectId><isCriticalSystemObject>false</isCriticalSystemObject><description>Price Category</description><name>PRICE_CATEGORY</name><displayName>Price Category</displayName><extensible>false</extensible></categoryType></priceCategory><fixedPrice>0.0</fixedPrice><unitPrice>0.0</unitPrice><pricingComputeType><id>32787A2F288341E689BD9C4CCA5E5331</id><objectId>32787A2F288341E689BD9C4CCA5E5331</objectId><createdOn>2015-07-22T09:22:52.680-04:00</createdOn><isCriticalSystemObject>true</isCriticalSystemObject><description>STATIC</description><name>STATIC</name><displayName>STATIC</displayName><disabled>false</disabled><categoryType><id>BBBB47674CFB4535AC8792EF167C4AD7</id><objectId>BBBB47674CFB4535AC8792EF167C4AD7</objectId><isCriticalSystemObject>false</isCriticalSystemObject><description>Pricing Compute Type</description><name>PRICING_COMPUTE_TYPE</name><displayName>Pricing Compute Type</displayName><extensible>false</extensible></categoryType></pricingComputeType><recurrencePeriod><id>90e3e858361579e90136157a442c00a4</id><objectId>90e3e858361579e90136157a442c00a4</objectId><createdOn>2015-07-22T09:22:51.250-04:00</createdOn><isCriticalSystemObject>true</isCriticalSystemObject><description>Daily</description><iconUrl>/csa/images/categories/period/day.png</iconUrl><name>DAY</name><displayName>Daily</displayName><disabled>false</disabled><categoryType><id>90d96588360da0c701360da0f15b009e</id><objectId>90d96588360da0c701360da0f15b009e</objectId><isCriticalSystemObject>true</isCriticalSystemObject><description>Period</description><name>PERIOD</name><displayName>Period</displayName><extensible>false</extensible></categoryType></recurrencePeriod></pricing><pricing xmlns:xsi="http://www.w3.org/2001/XMLSchema-instance" xsi:type="initialPricingVO"><id>8f2390334faf59a7014fb17c91d40282</id><createdOn>2015-09-09T05:42:55.188-04:00</createdOn><updatedOn>2015-09-09T05:42:56.004-04:00</updatedOn><createdBy><id>90d96588360da0c701360da0f1d600a1</id><objectId>90d96588360da0c701360da0f1d600a1</objectId><isCriticalSystemObject>true</isCriticalSystemObject><description>admin</description><iconUrl>http://localhost/admin</iconUrl><name>admin</name><displayName>admin</displayName><disabled>false</disabled></createdBy><updatedBy><id>90d96588360da0c701360da0f1d600a1</id><objectId>90d96588360da0c701360da0f1d600a1</objectId><isCriticalSystemObject>true</isCriticalSystemObject><description>admin</description><iconUrl>http://localhost/admin</iconUrl><name>admin</name><displayName>admin</displayName><disabled>false</disabled></updatedBy><priceCategory><id>90d9650a36897af90136897bc93e0016</id><objectId>90d9650a36897af90136897bc93e0016</objectId><createdOn>2015-07-22T09:22:52.331-04:00</createdOn><isCriticalSystemObject>true</isCriticalSystemObject><description>SETUP</description><iconUrl>/csa/images/categories/price/setup.png</iconUrl><name>SETUP</name><displayName>SETUP</displayName><disabled>false</disabled><categoryType><id>90d9650a36897af90136897bc7c70014</id><objectId>90d9650a36897af90136897bc7c70014</objectId><isCriticalSystemObject>false</isCriticalSystemObject><description>Price Category</description><name>PRICE_CATEGORY</name><displayName>Price Category</displayName><extensible>false</extensible></categoryType></priceCategory><fixedPrice>0.0</fixedPrice><unitPrice>0.0</unitPrice><pricingComputeType><id>32787A2F288341E689BD9C4CCA5E5331</id><objectId>32787A2F288341E689BD9C4CCA5E5331</objectId><createdOn>2015-07-22T09:22:52.680-04:00</createdOn><isCriticalSystemObject>true</isCriticalSystemObject><description>STATIC</description><name>STATIC</name><displayName>STATIC</displayName><disabled>false</disabled><categoryType><id>BBBB47674CFB4535AC8792EF167C4AD7</id><objectId>BBBB47674CFB4535AC8792EF167C4AD7</objectId><isCriticalSystemObject>false</isCriticalSystemObject><description>Pricing Compute Type</description><name>PRICING_COMPUTE_TYPE</name><displayName>Pricing Compute Type</displayName><extensible>false</extensible></categoryType></pricingComputeType></pricing><property><id>8f2390334faf59a7014fb17c91d3027b</id><objectId>8f2390334faf59a7014fb17c91d3027b</objectId><createdOn>2015-09-09T05:42:55.187-04:00</createdOn><updatedOn>2015-09-24T23:18:39.205-04:00</updatedOn><createdBy><id>90d96588360da0c701360da0f1d600a1</id><objectId>90d96588360da0c701360da0f1d600a1</objectId><isCriticalSystemObject>true</isCriticalSystemObject><description>admin</description><iconUrl>http://localhost/admin</iconUrl><name>admin</name><displayName>admin</displayName><disabled>false</disabled></createdBy><updatedBy><id>90d96588360da0c701360da0f1d600a1</id><objectId>90d96588360da0c701360da0f1d600a1</objectId><isCriticalSystemObject>true</isCriticalSystemObject><description>admin</description><iconUrl>http://localhost/admin</iconUrl><name>admin</name><displayName>admin</displayName><disabled>false</disabled></updatedBy><isCriticalSystemObject>false</isCriticalSystemObject><name>BlockStorage</name><displayName>1.Block Storage</displayName><enableValidation>false</enableValidation><valueConstraint xmlns:xsi="http://www.w3.org/2001/XMLSchema-instance" xsi:type="stringValueConstraintVO"><id>8f2390334faf59a7014fb17c91d30278</id><objectId>8f2390334faf59a7014fb17c91d30278</objectId><createdOn>2015-09-09T05:42:55.187-04:00</createdOn><updatedOn>2015-09-09T05:42:56.004-04:00</updatedOn><createdBy><id>90d96588360da0c701360da0f1d600a1</id><objectId>90d96588360da0c701360da0f1d600a1</objectId><isCriticalSystemObject>true</isCriticalSystemObject><description>admin</description><iconUrl>http://localhost/admin</iconUrl><name>admin</name><displayName>admin</displayName><disabled>false</disabled></createdBy><updatedBy><id>90d96588360da0c701360da0f1d600a1</id><objectId>90d96588360da0c701360da0f1d600a1</objectId><isCriticalSystemObject>true</isCriticalSystemObject><description>admin</description><iconUrl>http://localhost/admin</iconUrl><name>admin</name><displayName>admin</displayName><disabled>false</disabled></updatedBy><isCriticalSystemObject>false</isCriticalSystemObject><valueType><id>90d96588360da0c701360da0efb50054</id><objectId>90d96588360da0c701360da0efb50054</objectId><createdOn>2015-07-22T09:22:49.676-04:00</createdOn><isCriticalSystemObject>true</isCriticalSystemObject><description>String</description><iconUrl>/csa/images/categories/value_type/string.png</iconUrl><name>STRING</name><displayName>String</displayName><disabled>false</disabled><categoryType><id>90d96588360da0c701360da0efa0004e</id><objectId>90d96588360da0c701360da0efa0004e</objectId><isCriticalSystemObject>true</isCriticalSystemObject><description>Value Type</description><name>VALUE_TYPE</name><displayName>Value Type</displayName><extensible>false</extensible></categoryType></valueType><valueConstraintType><id>f734f399a59742d79a605189303b9ce6</id><objectId>f734f399a59742d79a605189303b9ce6</objectId><createdOn>2015-07-22T09:22:52.501-04:00</createdOn><isCriticalSystemObject>true</isCriticalSystemObject><description>Custom regex pattern</description><iconUrl>TBD</iconUrl><name>CUSTOM</name><displayName>Custom</displayName><disabled>false</disabled><categoryType><id>d4bcffbd642f4b45a2b88548504c7462</id><objectId>d4bcffbd642f4b45a2b88548504c7462</objectId><isCriticalSystemObject>true</isCriticalSystemObject><description>Value Constraint Type</description><name>VALUE_CONSTRAINT_TYPE</name><displayName>Value Constraint Type</displayName><extensible>true</extensible></categoryType></valueConstraintType><maxLength>255</maxLength><minLength>0</minLength></valueConstraint><valueType><id>90d96588360da0c701360da0efb50054</id><objectId>90d96588360da0c701360da0efb50054</objectId><createdOn>2015-07-22T09:22:49.676-04:00</createdOn><isCriticalSystemObject>true</isCriticalSystemObject><description>String</description><iconUrl>/csa/images/categories/value_type/string.png</iconUrl><name>STRING</name><displayName>String</displayName><disabled>false</disabled><categoryType><id>90d96588360da0c701360da0efa0004e</id><objectId>90d96588360da0c701360da0efa0004e</objectId><isCriticalSystemObject>true</isCriticalSystemObject><description>Value Type</description><name>VALUE_TYPE</name><displayName>Value Type</displayName><extensible>false</extensible></categoryType></valueType><values><id>8f2390334fdc36f80150028283550fef</id><createdOn>2015-09-24T23:18:39.189-04:00</createdOn><updatedOn>2015-09-24T23:18:39.189-04:00</updatedOn><createdBy><id>90d96588360da0c701360da0f1d600a1</id><objectId>90d96588360da0c701360da0f1d600a1</objectId><isCriticalSystemObject>true</isCriticalSystemObject><description>admin</description><iconUrl>http://localhost/admin</iconUrl><name>admin</name><displayName>admin</displayName><disabled>false</disabled></createdBy><updatedBy><id>90d96588360da0c701360da0f1d600a1</id><objectId>90d96588360da0c701360da0f1d600a1</objectId><isCriticalSystemObject>true</isCriticalSystemObject><description>admin</description><iconUrl>http://localhost/admin</iconUrl><name>admin</name><displayName>admin</displayName><disabled>false</disabled></updatedBy><value>3 Ceph servers for EBS/Block Storage (9TB cloud usable)</value><orderIndex>-1</orderIndex></values><maxOccurs>1</maxOccurs><minOccurs>1</minOccurs><orderIndex>0</orderIndex><confidential>false</confidential><encrypted>false</encrypted><consumerReadOnly>true</consumerReadOnly><consumerVisible>true</consumerVisible><dynamicValueEnabled>false</dynamicValueEnabled><measurable>false</measurable><editable>true</editable></property><property><id>8f2390334faf59a7014fb17c91d2026c</id><objectId>8f2390334faf59a7014fb17c91d2026c</objectId><createdOn>2015-09-09T05:42:55.187-04:00</createdOn><updatedOn>2015-09-24T23:18:39.204-04:00</updatedOn><createdBy><id>90d96588360da0c701360da0f1d600a1</id><objectId>90d96588360da0c701360da0f1d600a1</objectId><isCriticalSystemObject>true</isCriticalSystemObject><description>admin</description><iconUrl>http://localhost/admin</iconUrl><name>admin</name><displayName>admin</displayName><disabled>false</disabled></createdBy><updatedBy><id>90d96588360da0c701360da0f1d600a1</id><objectId>90d96588360da0c701360da0f1d600a1</objectId><isCriticalSystemObject>true</isCriticalSystemObject><description>admin</description><iconUrl>http://localhost/admin</iconUrl><name>admin</name><displayName>admin</displayName><disabled>false</disabled></updatedBy><isCriticalSystemObject>false</isCriticalSystemObject><name>Switch</name><displayName>5.Switch</displayName><enableValidation>false</enableValidation><valueType><id>90d96588360da0c701360da0efb50054</id><objectId>90d96588360da0c701360da0efb50054</objectId><createdOn>2015-07-22T09:22:49.676-04:00</createdOn><isCriticalSystemObject>true</isCriticalSystemObject><description>String</description><iconUrl>/csa/images/categories/value_type/string.png</iconUrl><name>STRING</name><displayName>String</displayName><disabled>false</disabled><categoryType><id>90d96588360da0c701360da0efa0004e</id><objectId>90d96588360da0c701360da0efa0004e</objectId><isCriticalSystemObject>true</isCriticalSystemObject><description>Value Type</description><name>VALUE_TYPE</name><displayName>Value Type</displayName><extensible>false</extensible></categoryType></valueType><values><id>8f2390334fdc36f80150028283550ff0</id><createdOn>2015-09-24T23:18:39.189-04:00</createdOn><updatedOn>2015-09-24T23:18:39.189-04:00</updatedOn><createdBy><id>90d96588360da0c701360da0f1d600a1</id><objectId>90d96588360da0c701360da0f1d600a1</objectId><isCriticalSystemObject>true</isCriticalSystemObject><description>admin</description><iconUrl>http://localhost/admin</iconUrl><name>admin</name><displayName>admin</displayName><disabled>false</disabled></createdBy><updatedBy><id>90d96588360da0c701360da0f1d600a1</id><objectId>90d96588360da0c701360da0f1d600a1</objectId><isCriticalSystemObject>true</isCriticalSystemObject><description>admin</description><iconUrl>http://localhost/admin</iconUrl><name>admin</name><displayName>admin</displayName><disabled>false</disabled></updatedBy><value>4 eucalyptus front-end servers</value><orderIndex>-1</orderIndex></values><maxOccurs>1</maxOccurs><minOccurs>1</minOccurs><orderIndex>4</orderIndex><confidential>false</confidential><encrypted>false</encrypted><consumerReadOnly>true</consumerReadOnly><consumerVisible>false</consumerVisible><dynamicValueEnabled>false</dynamicValueEnabled><measurable>false</measurable><editable>true</editable></property><property><id>8f2390334faf59a7014fb17c91d3026e</id><objectId>8f2390334faf59a7014fb17c91d3026e</objectId><createdOn>2015-09-09T05:42:55.187-04:00</createdOn><updatedOn>2015-09-24T23:18:39.205-04:00</updatedOn><createdBy><id>90d96588360da0c701360da0f1d600a1</id><objectId>90d96588360da0c701360da0f1d600a1</objectId><isCriticalSystemObject>true</isCriticalSystemObject><description>admin</description><iconUrl>http://localhost/admin</iconUrl><name>admin</name><displayName>admin</displayName><disabled>false</disabled></createdBy><updatedBy><id>90d96588360da0c701360da0f1d600a1</id><objectId>90d96588360da0c701360da0f1d600a1</objectId><isCriticalSystemObject>true</isCriticalSystemObject><description>admin</description><iconUrl>http://localhost/admin</iconUrl><name>admin</name><displayName>admin</displayName><disabled>false</disabled></updatedBy><isCriticalSystemObject>false</isCriticalSystemObject><name>ControlPlane</name><displayName>3.Control Panel</displayName><enableValidation>false</enableValidation><valueType><id>90d96588360da0c701360da0efb50054</id><objectId>90d96588360da0c701360da0efb50054</objectId><createdOn>2015-07-22T09:22:49.676-04:00</createdOn><isCriticalSystemObject>true</isCriticalSystemObject><description>String</description><iconUrl>/csa/images/categories/value_type/string.png</iconUrl><name>STRING</name><displayName>String</displayName><disabled>false</disabled><categoryType><id>90d96588360da0c701360da0efa0004e</id><objectId>90d96588360da0c701360da0efa0004e</objectId><isCriticalSystemObject>true</isCriticalSystemObject><description>Value Type</description><name>VALUE_TYPE</name><displayName>Value Type</displayName><extensible>false</extensible></categoryType></valueType><values><id>8f2390334fdc36f80150028283560ff2</id><createdOn>2015-09-24T23:18:39.190-04:00</createdOn><updatedOn>2015-09-24T23:18:39.190-04:00</updatedOn><createdBy><id>90d96588360da0c701360da0f1d600a1</id><objectId>90d96588360da0c701360da0f1d600a1</objectId><isCriticalSystemObject>true</isCriticalSystemObject><description>admin</description><iconUrl>http://localhost/admin</iconUrl><name>admin</name><displayName>admin</displayName><disabled>false</disabled></createdBy><updatedBy><id>90d96588360da0c701360da0f1d600a1</id><objectId>90d96588360da0c701360da0f1d600a1</objectId><isCriticalSystemObject>true</isCriticalSystemObject><description>admin</description><iconUrl>http://localhost/admin</iconUrl><name>admin</name><displayName>admin</displayName><disabled>false</disabled></updatedBy><value>10 Control panel servers, 4 eucalyptus front-end servers</value><orderIndex>-1</orderIndex></values><maxOccurs>1</maxOccurs><minOccurs>1</minOccurs><orderIndex>2</orderIndex><confidential>false</confidential><encrypted>false</encrypted><consumerReadOnly>true</consumerReadOnly><consumerVisible>true</consumerVisible><dynamicValueEnabled>false</dynamicValueEnabled><measurable>false</measurable><editable>true</editable><originalName>3.Control Plane</originalName></property><property><id>8f2390334faf59a7014fb17c91d3027d</id><objectId>8f2390334faf59a7014fb17c91d3027d</objectId><createdOn>2015-09-09T05:42:55.187-04:00</createdOn><updatedOn>2015-09-24T23:18:39.205-04:00</updatedOn><createdBy><id>90d96588360da0c701360da0f1d600a1</id><objectId>90d96588360da0c701360da0f1d600a1</objectId><isCriticalSystemObject>true</isCriticalSystemObject><description>admin</description><iconUrl>http://localhost/admin</iconUrl><name>admin</name><displayName>admin</displayName><disabled>false</disabled></createdBy><updatedBy><id>90d96588360da0c701360da0f1d600a1</id><objectId>90d96588360da0c701360da0f1d600a1</objectId><isCriticalSystemObject>true</isCriticalSystemObject><description>admin</description><iconUrl>http://localhost/admin</iconUrl><name>admin</name><displayName>admin</displayName><disabled>false</disabled></updatedBy><isCriticalSystemObject>false</isCriticalSystemObject><name>ComputerNode</name><displayName>2.Computer Node</displayName><enableValidation>false</enableValidation><valueType><id>90d96588360da0c701360da0efb50054</id><objectId>90d96588360da0c701360da0efb50054</objectId><createdOn>2015-07-22T09:22:49.676-04:00</createdOn><isCriticalSystemObject>true</isCriticalSystemObject><description>String</description><iconUrl>/csa/images/categories/value_type/string.png</iconUrl><name>STRING</name><displayName>String</displayName><disabled>false</disabled><categoryType><id>90d96588360da0c701360da0efa0004e</id><objectId>90d96588360da0c701360da0efa0004e</objectId><isCriticalSystemObject>true</isCriticalSystemObject><description>Value Type</description><name>VALUE_TYPE</name><displayName>Value Type</displayName><extensible>false</extensible></categoryType></valueType><values><id>8f2390334fdc36f80150028283560ff1</id><createdOn>2015-09-24T23:18:39.190-04:00</createdOn><updatedOn>2015-09-24T23:18:39.190-04:00</updatedOn><createdBy><id>90d96588360da0c701360da0f1d600a1</id><objectId>90d96588360da0c701360da0f1d600a1</objectId><isCriticalSystemObject>true</isCriticalSystemObject><description>admin</description><iconUrl>http://localhost/admin</iconUrl><name>admin</name><displayName>admin</displayName><disabled>false</disabled></createdBy><updatedBy><id>90d96588360da0c701360da0f1d600a1</id><objectId>90d96588360da0c701360da0f1d600a1</objectId><isCriticalSystemObject>true</isCriticalSystemObject><description>admin</description><iconUrl>http://localhost/admin</iconUrl><name>admin</name><displayName>admin</displayName><disabled>false</disabled></updatedBy><value>19 Compute servers: 24 core, 256GB RAM, 6TB usable disk (max 200 VMs of size 2core,2GB RAM, 350GB local disk usable)
</value><orderIndex>-1</orderIndex></values><maxOccurs>1</maxOccurs><minOccurs>1</minOccurs><orderIndex>1</orderIndex><confidential>false</confidential><encrypted>false</encrypted><consumerReadOnly>true</consumerReadOnly><consumerVisible>true</consumerVisible><dynamicValueEnabled>false</dynamicValueEnabled><measurable>false</measurable><editable>true</editable></property><property><id>8f2390334faf59a7014fb17c91d4027f</id><objectId>8f2390334faf59a7014fb17c91d4027f</objectId><createdOn>2015-09-09T05:42:55.188-04:00</createdOn><updatedOn>2015-09-24T23:18:39.205-04:00</updatedOn><createdBy><id>90d96588360da0c701360da0f1d600a1</id><objectId>90d96588360da0c701360da0f1d600a1</objectId><isCriticalSystemObject>true</isCriticalSystemObject><description>admin</description><iconUrl>http://localhost/admin</iconUrl><name>admin</name><displayName>admin</displayName><disabled>false</disabled></createdBy><updatedBy><id>90d96588360da0c701360da0f1d600a1</id><objectId>90d96588360da0c701360da0f1d600a1</objectId><isCriticalSystemObject>true</isCriticalSystemObject><description>admin</description><iconUrl>http://localhost/admin</iconUrl><name>admin</name><displayName>admin</displayName><disabled>false</disabled></updatedBy><isCriticalSystemObject>false</isCriticalSystemObject><name>ObjectStorage</name><displayName>4.Object Storage</displayName><enableValidation>false</enableValidation><valueType><id>90d96588360da0c701360da0efb50054</id><objectId>90d96588360da0c701360da0efb50054</objectId><createdOn>2015-07-22T09:22:49.676-04:00</createdOn><isCriticalSystemObject>true</isCriticalSystemObject><description>String</description><iconUrl>/csa/images/categories/value_type/string.png</iconUrl><name>STRING</name><displayName>String</displayName><disabled>false</disabled><categoryType><id>90d96588360da0c701360da0efa0004e</id><objectId>90d96588360da0c701360da0efa0004e</objectId><isCriticalSystemObject>true</isCriticalSystemObject><description>Value Type</description><name>VALUE_TYPE</name><displayName>Value Type</displayName><extensible>false</extensible></categoryType></valueType><values><id>8f2390334fdc36f80150028283530fee</id><createdOn>2015-09-24T23:18:39.187-04:00</createdOn><updatedOn>2015-09-24T23:18:39.187-04:00</updatedOn><createdBy><id>90d96588360da0c701360da0f1d600a1</id><objectId>90d96588360da0c701360da0f1d600a1</objectId><isCriticalSystemObject>true</isCriticalSystemObject><description>admin</description><iconUrl>http://localhost/admin</iconUrl><name>admin</name><displayName>admin</displayName><disabled>false</disabled></createdBy><updatedBy><id>90d96588360da0c701360da0f1d600a1</id><objectId>90d96588360da0c701360da0f1d600a1</objectId><isCriticalSystemObject>true</isCriticalSystemObject><description>admin</description><iconUrl>http://localhost/admin</iconUrl><name>admin</name><displayName>admin</displayName><disabled>false</disabled></updatedBy><value>3 Riak servers for S3/object storage (6TB cloud usable)</value><orderIndex>-1</orderIndex></values><maxOccurs>1</maxOccurs><minOccurs>1</minOccurs><orderIndex>3</orderIndex><confidential>false</confidential><encrypted>false</encrypted><consumerReadOnly>true</consumerReadOnly><consumerVisible>true</consumerVisible><dynamicValueEnabled>false</dynamicValueEnabled><measurable>false</measurable><editable>true</editable></property></options><maxOccurs>1</maxOccurs><minOccurs>1</minOccurs><orderIndex>0</orderIndex><isInitialOrder>true</isInitialOrder><consumerReadOnly>false</consumerReadOnly><consumerVisible>true</consumerVisible><isAOSTopologyComponentOptionSet>false</isAOSTopologyComponentOptionSet></optionSets></optionModel><action><id>8f2390334faf59a7014fb17c91d40283</id><objectId>8f2390334faf59a7014fb17c91d40283</objectId><createdOn>2015-09-09T05:42:55.188-04:00</createdOn><updatedOn>2015-09-09T05:42:56.004-04:00</updatedOn><createdBy><id>90d96588360da0c701360da0f1d600a1</id><objectId>90d96588360da0c701360da0f1d600a1</objectId><isCriticalSystemObject>true</isCriticalSystemObject><description>admin</description><iconUrl>http://localhost/admin</iconUrl><name>admin</name><displayName>admin</displayName><disabled>false</disabled></createdBy><updatedBy><id>90d96588360da0c701360da0f1d600a1</id><objectId>90d96588360da0c701360da0f1d600a1</objectId><isCriticalSystemObject>true</isCriticalSystemObject><description>admin</description><iconUrl>http://localhost/admin</iconUrl><name>admin</name><displayName>admin</displayName><disabled>false</disabled></updatedBy><isCriticalSystemObject>false</isCriticalSystemObject><description>Order Service Offering Action allows consumers to order services available in their catalog. Service Consumers can specify the name and description of the subscription, as well as the delivery and component configuration options.</description><name>ORDER</name><displayName>Order</displayName><errorOnTimeout>false</errorOnTimeout><failOnError>false</failOnError><processDefinition><id>90d965193655833f013655836f650020</id><objectId>90d965193655833f013655836f650020</objectId><isCriticalSystemObject>true</isCriticalSystemObject><description>Order Service Offering</description><name>ORDER_OFFERING_DEFINITION</name><displayName>Order Service Offering</displayName></processDefinition><timeout>0</timeout><property><id>8f2390334faf59a7014fb17c91d20265</id><objectId>8f2390334faf59a7014fb17c91d20265</objectId><createdOn>2015-09-09T05:42:55.186-04:00</createdOn><updatedOn>2015-09-09T05:42:56.004-04:00</updatedOn><createdBy><id>90d96588360da0c701360da0f1d600a1</id><objectId>90d96588360da0c701360da0f1d600a1</objectId><isCriticalSystemObject>true</isCriticalSystemObject><description>admin</description><iconUrl>http://localhost/admin</iconUrl><name>admin</name><displayName>admin</displayName><disabled>false</disabled></createdBy><updatedBy><id>90d96588360da0c701360da0f1d600a1</id><objectId>90d96588360da0c701360da0f1d600a1</objectId><isCriticalSystemObject>true</isCriticalSystemObject><description>admin</description><iconUrl>http://localhost/admin</iconUrl><name>admin</name><displayName>admin</displayName><disabled>false</disabled></updatedBy><isCriticalSystemObject>false</isCriticalSystemObject><name>OPTION_MODEL</name><displayName>OPTION_MODEL</displayName><valueType><id>90d96588360da0c701360da0efb80055</id><objectId>90d96588360da0c701360da0efb80055</objectId><createdOn>2015-07-22T09:22:49.681-04:00</createdOn><isCriticalSystemObject>true</isCriticalSystemObject><description>Option</description><iconUrl>/csa/images/categories/value_type/option.png</iconUrl><name>OPTION</name><displayName>Option</displayName><disabled>false</disabled><categoryType><id>90d96588360da0c701360da0efa0004e</id><objectId>90d96588360da0c701360da0efa0004e</objectId><isCriticalSystemObject>true</isCriticalSystemObject><description>Value Type</description><name>VALUE_TYPE</name><displayName>Value Type</displayName><extensible>false</extensible></categoryType></valueType><values><id>8f2390334faf59a7014fb17c91d40281</id><createdOn>2015-09-09T05:42:55.188-04:00</createdOn><updatedOn>2015-09-09T05:42:56.005-04:00</updatedOn><createdBy><id>90d96588360da0c701360da0f1d600a1</id><objectId>90d96588360da0c701360da0f1d600a1</objectId><isCriticalSystemObject>true</isCriticalSystemObject><description>admin</description><iconUrl>http://localhost/admin</iconUrl><name>admin</name><displayName>admin</displayName><disabled>false</disabled></createdBy><updatedBy><id>90d96588360da0c701360da0f1d600a1</id><objectId>90d96588360da0c701360da0f1d600a1</objectId><isCriticalSystemObject>true</isCriticalSystemObject><description>admin</description><iconUrl>http://localhost/admin</iconUrl><name>admin</name><displayName>admin</displayName><disabled>false</disabled></updatedBy><value>8f2390334faf59a7014fb17c91d20264</value><orderIndex>-1</orderIndex></values><maxOccurs>1</maxOccurs><minOccurs>0</minOccurs><orderIndex>-1</orderIndex><confidential>false</confidential><encrypted>false</encrypted><consumerReadOnly>false</consumerReadOnly><consumerVisible>true</consumerVisible><measurable>false</measurable></property><property><id>8f2390334faf59a7014fb17c91d3027c</id><objectId>8f2390334faf59a7014fb17c91d3027c</objectId><createdOn>2015-09-09T05:42:55.187-04:00</createdOn><updatedOn>2015-09-09T05:42:56.005-04:00</updatedOn><createdBy><id>90d96588360da0c701360da0f1d600a1</id><objectId>90d96588360da0c701360da0f1d600a1</objectId><isCriticalSystemObject>true</isCriticalSystemObject><description>admin</description><iconUrl>http://localhost/admin</iconUrl><name>admin</name><displayName>admin</displayName><disabled>false</disabled></createdBy><updatedBy><id>90d96588360da0c701360da0f1d600a1</id><objectId>90d96588360da0c701360da0f1d600a1</objectId><isCriticalSystemObject>true</isCriticalSystemObject><description>admin</description><iconUrl>http://localhost/admin</iconUrl><name>admin</name><displayName>admin</displayName><disabled>false</disabled></updatedBy><isCriticalSystemObject>false</isCriticalSystemObject><name>SUBSCRIPTION_ID</name><displayName>SUBSCRIPTION_ID</displayName><valueType><id>90d96588360da0c701360da0efb50054</id><objectId>90d96588360da0c701360da0efb50054</objectId><createdOn>2015-07-22T09:22:49.676-04:00</createdOn><isCriticalSystemObject>true</isCriticalSystemObject><description>String</description><iconUrl>/csa/images/categories/value_type/string.png</iconUrl><name>STRING</name><displayName>String</displayName><disabled>false</disabled><categoryType><id>90d96588360da0c701360da0efa0004e</id><objectId>90d96588360da0c701360da0efa0004e</objectId><isCriticalSystemObject>true</isCriticalSystemObject><description>Value Type</description><name>VALUE_TYPE</name><displayName>Value Type</displayName><extensible>false</extensible></categoryType></valueType><maxOccurs>1</maxOccurs><minOccurs>0</minOccurs><orderIndex>-1</orderIndex><confidential>false</confidential><encrypted>false</encrypted><consumerReadOnly>true</consumerReadOnly><consumerVisible>true</consumerVisible><measurable>false</measurable></property><property><id>8f2390334faf59a7014fb17c91d4027e</id><objectId>8f2390334faf59a7014fb17c91d4027e</objectId><createdOn>2015-09-09T05:42:55.188-04:00</createdOn><updatedOn>2015-09-09T05:42:56.005-04:00</updatedOn><createdBy><id>90d96588360da0c701360da0f1d600a1</id><objectId>90d96588360da0c701360da0f1d600a1</objectId><isCriticalSystemObject>true</isCriticalSystemObject><description>admin</description><iconUrl>http://localhost/admin</iconUrl><name>admin</name><displayName>admin</displayName><disabled>false</disabled></createdBy><updatedBy><id>90d96588360da0c701360da0f1d600a1</id><objectId>90d96588360da0c701360da0f1d600a1</objectId><isCriticalSystemObject>true</isCriticalSystemObject><description>admin</description><iconUrl>http://localhost/admin</iconUrl><name>admin</name><displayName>admin</displayName><disabled>false</disabled></updatedBy><isCriticalSystemObject>false</isCriticalSystemObject><name>CATEGORY</name><displayName>CATEGORY</displayName><valueType><id>90d96588360da0c701360da0efb50054</id><objectId>90d96588360da0c701360da0efb50054</objectId><createdOn>2015-07-22T09:22:49.676-04:00</createdOn><isCriticalSystemObject>true</isCriticalSystemObject><description>String</description><iconUrl>/csa/images/categories/value_type/string.png</iconUrl><name>STRING</name><displayName>String</displayName><disabled>false</disabled><categoryType><id>90d96588360da0c701360da0efa0004e</id><objectId>90d96588360da0c701360da0efa0004e</objectId><isCriticalSystemObject>true</isCriticalSystemObject><description>Value Type</description><name>VALUE_TYPE</name><displayName>Value Type</displayName><extensible>false</extensible></categoryType></valueType><maxOccurs>1</maxOccurs><minOccurs>0</minOccurs><orderIndex>-1</orderIndex><confidential>false</confidential><encrypted>false</encrypted><consumerReadOnly>false</consumerReadOnly><consumerVisible>true</consumerVisible><measurable>false</measurable></property><property><id>8f2390334faf59a7014fb17c91d2026a</id><objectId>8f2390334faf59a7014fb17c91d2026a</objectId><createdOn>2015-09-09T05:42:55.186-04:00</createdOn><updatedOn>2015-09-09T05:42:56.005-04:00</updatedOn><createdBy><id>90d96588360da0c701360da0f1d600a1</id><objectId>90d96588360da0c701360da0f1d600a1</objectId><isCriticalSystemObject>true</isCriticalSystemObject><description>admin</description><iconUrl>http://localhost/admin</iconUrl><name>admin</name><displayName>admin</displayName><disabled>false</disabled></createdBy><updatedBy><id>90d96588360da0c701360da0f1d600a1</id><objectId>90d96588360da0c701360da0f1d600a1</objectId><isCriticalSystemObject>true</isCriticalSystemObject><description>admin</description><iconUrl>http://localhost/admin</iconUrl><name>admin</name><displayName>admin</displayName><disabled>false</disabled></updatedBy><isCriticalSystemObject>false</isCriticalSystemObject><name>END_DATE</name><displayName>END_DATE</displayName><valueType><id>90d96588360da0c701360da0efa90050</id><objectId>90d96588360da0c701360da0efa90050</objectId><createdOn>2015-07-22T09:22:49.655-04:00</createdOn><isCriticalSystemObject>true</isCriticalSystemObject><description>Date</description><iconUrl>/csa/images/categories/value_type/date.png</iconUrl><name>DATE</name><displayName>Date</displayName><disabled>false</disabled><categoryType><id>90d96588360da0c701360da0efa0004e</id><objectId>90d96588360da0c701360da0efa0004e</objectId><isCriticalSystemObject>true</isCriticalSystemObject><description>Value Type</description><name>VALUE_TYPE</name><displayName>Value Type</displayName><extensible>false</extensible></categoryType></valueType><maxOccurs>1</maxOccurs><minOccurs>0</minOccurs><orderIndex>-1</orderIndex><confidential>false</confidential><encrypted>false</encrypted><consumerReadOnly>false</consumerReadOnly><consumerVisible>true</consumerVisible><measurable>false</measurable></property><property><id>8f2390334faf59a7014fb17c91d30277</id><objectId>8f2390334faf59a7014fb17c91d30277</objectId><createdOn>2015-09-09T05:42:55.187-04:00</createdOn><updatedOn>2015-09-09T05:42:56.005-04:00</updatedOn><createdBy><id>90d96588360da0c701360da0f1d600a1</id><objectId>90d96588360da0c701360da0f1d600a1</objectId><isCriticalSystemObject>true</isCriticalSystemObject><description>admin</description><iconUrl>http://localhost/admin</iconUrl><name>admin</name><displayName>admin</displayName><disabled>false</disabled></createdBy><updatedBy><id>90d96588360da0c701360da0f1d600a1</id><objectId>90d96588360da0c701360da0f1d600a1</objectId><isCriticalSystemObject>true</isCriticalSystemObject><description>admin</description><iconUrl>http://localhost/admin</iconUrl><name>admin</name><displayName>admin</displayName><disabled>false</disabled></updatedBy><isCriticalSystemObject>false</isCriticalSystemObject><name>START_DATE</name><displayName>START_DATE</displayName><valueType><id>90d96588360da0c701360da0efa90050</id><objectId>90d96588360da0c701360da0efa90050</objectId><createdOn>2015-07-22T09:22:49.655-04:00</createdOn><isCriticalSystemObject>true</isCriticalSystemObject><description>Date</description><iconUrl>/csa/images/categories/value_type/date.png</iconUrl><name>DATE</name><displayName>Date</displayName><disabled>false</disabled><categoryType><id>90d96588360da0c701360da0efa0004e</id><objectId>90d96588360da0c701360da0efa0004e</objectId><isCriticalSystemObject>true</isCriticalSystemObject><description>Value Type</description><name>VALUE_TYPE</name><displayName>Value Type</displayName><extensible>false</extensible></categoryType></valueType><maxOccurs>1</maxOccurs><minOccurs>1</minOccurs><orderIndex>-1</orderIndex><confidential>false</confidential><encrypted>false</encrypted><consumerReadOnly>false</consumerReadOnly><consumerVisible>true</consumerVisible><measurable>false</measurable></property><property><id>8f2390334faf59a7014fb17c91d30275</id><objectId>8f2390334faf59a7014fb17c91d30275</objectId><createdOn>2015-09-09T05:42:55.187-04:00</createdOn><updatedOn>2015-09-09T05:42:56.005-04:00</updatedOn><createdBy><id>90d96588360da0c701360da0f1d600a1</id><objectId>90d96588360da0c701360da0f1d600a1</objectId><isCriticalSystemObject>true</isCriticalSystemObject><description>admin</description><iconUrl>http://localhost/admin</iconUrl><name>admin</name><displayName>admin</displayName><disabled>false</disabled></createdBy><updatedBy><id>90d96588360da0c701360da0f1d600a1</id><objectId>90d96588360da0c701360da0f1d600a1</objectId><isCriticalSystemObject>true</isCriticalSystemObject><description>admin</description><iconUrl>http://localhost/admin</iconUrl><name>admin</name><displayName>admin</displayName><disabled>false</disabled></updatedBy><isCriticalSystemObject>false</isCriticalSystemObject><name>OWNER_GROUP</name><displayName>OWNER_GROUP</displayName><valueType><id>90d96588360da0c701360da0efb50054</id><objectId>90d96588360da0c701360da0efb50054</objectId><createdOn>2015-07-22T09:22:49.676-04:00</createdOn><isCriticalSystemObject>true</isCriticalSystemObject><description>String</description><iconUrl>/csa/images/categories/value_type/string.png</iconUrl><name>STRING</name><displayName>String</displayName><disabled>false</disabled><categoryType><id>90d96588360da0c701360da0efa0004e</id><objectId>90d96588360da0c701360da0efa0004e</objectId><isCriticalSystemObject>true</isCriticalSystemObject><description>Value Type</description><name>VALUE_TYPE</name><displayName>Value Type</displayName><extensible>false</extensible></categoryType></valueType><maxOccurs>1</maxOccurs><minOccurs>0</minOccurs><orderIndex>-1</orderIndex><confidential>false</confidential><encrypted>false</encrypted><consumerReadOnly>false</consumerReadOnly><consumerVisible>true</consumerVisible><measurable>false</measurable></property><property><id>8f2390334faf59a7014fb17c91d30279</id><objectId>8f2390334faf59a7014fb17c91d30279</objectId><createdOn>2015-09-09T05:42:55.187-04:00</createdOn><updatedOn>2015-09-09T05:42:56.005-04:00</updatedOn><createdBy><id>90d96588360da0c701360da0f1d600a1</id><objectId>90d96588360da0c701360da0f1d600a1</objectId><isCriticalSystemObject>true</isCriticalSystemObject><description>admin</description><iconUrl>http://localhost/admin</iconUrl><name>admin</name><displayName>admin</displayName><disabled>false</disabled></createdBy><updatedBy><id>90d96588360da0c701360da0f1d600a1</id><objectId>90d96588360da0c701360da0f1d600a1</objectId><isCriticalSystemObject>true</isCriticalSystemObject><description>admin</description><iconUrl>http://localhost/admin</iconUrl><name>admin</name><displayName>admin</displayName><disabled>false</disabled></updatedBy><isCriticalSystemObject>false</isCriticalSystemObject><name>SERVICE_NAME</name><displayName>SERVICE_NAME</displayName><valueType><id>90d96588360da0c701360da0efb50054</id><objectId>90d96588360da0c701360da0efb50054</objectId><createdOn>2015-07-22T09:22:49.676-04:00</createdOn><isCriticalSystemObject>true</isCriticalSystemObject><description>String</description><iconUrl>/csa/images/categories/value_type/string.png</iconUrl><name>STRING</name><displayName>String</displayName><disabled>false</disabled><categoryType><id>90d96588360da0c701360da0efa0004e</id><objectId>90d96588360da0c701360da0efa0004e</objectId><isCriticalSystemObject>true</isCriticalSystemObject><description>Value Type</description><name>VALUE_TYPE</name><displayName>Value Type</displayName><extensible>false</extensible></categoryType></valueType><maxOccurs>1</maxOccurs><minOccurs>1</minOccurs><orderIndex>-1</orderIndex><confidential>false</confidential><encrypted>false</encrypted><consumerReadOnly>false</consumerReadOnly><consumerVisible>true</consumerVisible><measurable>false</measurable></property><property><id>8f2390334faf59a7014fb17c91d20267</id><objectId>8f2390334faf59a7014fb17c91d20267</objectId><createdOn>2015-09-09T05:42:55.186-04:00</createdOn><updatedOn>2015-09-09T05:42:56.005-04:00</updatedOn><createdBy><id>90d96588360da0c701360da0f1d600a1</id><objectId>90d96588360da0c701360da0f1d600a1</objectId><isCriticalSystemObject>true</isCriticalSystemObject><description>admin</description><iconUrl>http://localhost/admin</iconUrl><name>admin</name><displayName>admin</displayName><disabled>false</disabled></createdBy><updatedBy><id>90d96588360da0c701360da0f1d600a1</id><objectId>90d96588360da0c701360da0f1d600a1</objectId><isCriticalSystemObject>true</isCriticalSystemObject><description>admin</description><iconUrl>http://localhost/admin</iconUrl><name>admin</name><displayName>admin</displayName><disabled>false</disabled></updatedBy><isCriticalSystemObject>false</isCriticalSystemObject><name>SERVICE_DESCRIPTION</name><displayName>SERVICE_DESCRIPTION</displayName><valueType><id>90d96588360da0c701360da0efb50054</id><objectId>90d96588360da0c701360da0efb50054</objectId><createdOn>2015-07-22T09:22:49.676-04:00</createdOn><isCriticalSystemObject>true</isCriticalSystemObject><description>String</description><iconUrl>/csa/images/categories/value_type/string.png</iconUrl><name>STRING</name><displayName>String</displayName><disabled>false</disabled><categoryType><id>90d96588360da0c701360da0efa0004e</id><objectId>90d96588360da0c701360da0efa0004e</objectId><isCriticalSystemObject>true</isCriticalSystemObject><description>Value Type</description><name>VALUE_TYPE</name><displayName>Value Type</displayName><extensible>false</extensible></categoryType></valueType><values><id>8f2390334faf59a7014fb17c91d2026b</id><createdOn>2015-09-09T05:42:55.186-04:00</createdOn><updatedOn>2015-09-09T05:42:56.005-04:00</updatedOn><createdBy><id>90d96588360da0c701360da0f1d600a1</id><objectId>90d96588360da0c701360da0f1d600a1</objectId><isCriticalSystemObject>true</isCriticalSystemObject><description>admin</description><iconUrl>http://localhost/admin</iconUrl><name>admin</name><displayName>admin</displayName><disabled>false</disabled></createdBy><updatedBy><id>90d96588360da0c701360da0f1d600a1</id><objectId>90d96588360da0c701360da0f1d600a1</objectId><isCriticalSystemObject>true</isCriticalSystemObject><description>admin</description><iconUrl>http://localhost/admin</iconUrl><name>admin</name><displayName>admin</displayName><disabled>false</disabled></updatedBy><value>Build private clouds that are compatible with AWS APIs. Pool together computer, network, and storage resources within your IT environment to create on-demand, self-service private cloud resources.</value><orderIndex>-1</orderIndex></values><maxOccurs>1</maxOccurs><minOccurs>0</minOccurs><orderIndex>-1</orderIndex><confidential>false</confidential><encrypted>false</encrypted><consumerReadOnly>false</consumerReadOnly><consumerVisible>true</consumerVisible><measurable>false</measurable></property><consumerVisible>true</consumerVisible><executeAtUpgrade>false</executeAtUpgrade></action><artifactType><id>90d96588360da0c701360da0eecb001b</id><objectId>90d96588360da0c701360da0eecb001b</objectId><createdOn>2015-07-22T09:22:50.716-04:00</createdOn><isCriticalSystemObject>true</isCriticalSystemObject><description>Service Offering</description><iconUrl>/csa/images/categories/artifact_type/service_offering.png</iconUrl><name>SERVICE_OFFERING</name><displayName>Service Offering</displayName><disabled>false</disabled><categoryType><id>90d96588360da0c701360da0eeb40017</id><objectId>90d96588360da0c701360da0eeb40017</objectId><isCriticalSystemObject>true</isCriticalSystemObject><description>Artifact Type</description><name>ARTIFACT_TYPE</name><displayName>Artifact Type</displayName><extensible>false</extensible></categoryType></artifactType><ownedBy><id>90d96588360da0c701360da0f15b009e</id><objectId>90d96588360da0c701360da0f15b009e</objectId><isCriticalSystemObject>true</isCriticalSystemObject><description>Provider Organization</description><name>CSA-Provider</name><displayName>Provider</displayName><disabled>false</disabled></ownedBy><disabled>false</disabled><serviceBlueprint><id>8f2390334ed96635014ed981da240169</id><objectId>8f2390334ed96635014ed981da240169</objectId><isCriticalSystemObject>false</isCriticalSystemObject><description>Order for eucalyptus</description><iconUrl>/csa/images/library/Service_Design.png</iconUrl><name>84df6dbc-9c68-4266-bbee-434ffef2a6c7</name><displayName>Order for eucalyptus</displayName><disabled>false</disabled><valid>false</valid><published>true</published></serviceBlueprint><serviceOfferingType><id>90d96587340ha8c701360da0ef8d0041</id><objectId>90d96587340ha8c701360da0ef8d0041</objectId><createdOn>2015-07-22T09:22:49.619-04:00</createdOn><isCriticalSystemObject>true</isCriticalSystemObject><description>Service Offering</description><iconUrl>/csa/images/categories/service_offering_type/service_offering.png</iconUrl><name>SERVICE_OFFERING</name><displayName>Service Offering</displayName><disabled>false</disabled><categoryType><id>90d96578320da0170136uda0ef880049</id><objectId>90d96578320da0170136uda0ef880049</objectId><isCriticalSystemObject>true</isCriticalSystemObject><description>Service Offering Type</description><name>SERVICE_OFFERING_TYPE</name><displayName>Service Offering Type</displayName><extensible>false</extensible></categoryType></serviceOfferingType><containerId>acdc6f79dd234dd3a4bc1a4be30829ef</containerId><offeringVersion>1.0.0</offeringVersion><pricingModel><id>8f2390334faf59a7014fb17c91d30273</id><objectId>8f2390334faf59a7014fb17c91d30273</objectId><createdOn>2015-09-09T05:42:55.187-04:00</createdOn><updatedOn>2015-09-24T23:18:38.182-04:00</updatedOn><createdBy><id>90d96588360da0c701360da0f1d600a1</id><objectId>90d96588360da0c701360da0f1d600a1</objectId><isCriticalSystemObject>true</isCriticalSystemObject><description>admin</description><iconUrl>http://localhost/admin</iconUrl><name>admin</name><displayName>admin</displayName><disabled>false</disabled></createdBy><updatedBy><id>90d96588360da0c701360da0f1d600a1</id><objectId>90d96588360da0c701360da0f1d600a1</objectId><isCriticalSystemObject>true</isCriticalSystemObject><description>admin</description><iconUrl>http://localhost/admin</iconUrl><name>admin</name><displayName>admin</displayName><disabled>false</disabled></updatedBy><isCriticalSystemObject>false</isCriticalSystemObject><currency><id>10e3e858361579e90136157a443c00b8</id><objectId>10e3e858361579e90136157a443c00b8</objectId><createdOn>2015-07-22T09:22:52.038-04:00</createdOn><isCriticalSystemObject>false</isCriticalSystemObject><description>USD</description><iconUrl>/csa/images/categories/currency/usd.png</iconUrl><name>USD</name><displayName>USD</displayName><disabled>false</disabled><categoryType><id>9055b4f23629b338013629b37c00003b</id><objectId>9055b4f23629b338013629b37c00003b</objectId><isCriticalSystemObject>true</isCriticalSystemObject><description>Currency</description><name>CURRENCY</name><displayName>Currency</displayName><extensible>true</extensible></categoryType></currency><priceAdjustmentMultiplier>1.0</priceAdjustmentMultiplier><recurrencePeriod><id>90e3e858361579e90136157a442c00a4</id><objectId>90e3e858361579e90136157a442c00a4</objectId><createdOn>2015-07-22T09:22:51.250-04:00</createdOn><isCriticalSystemObject>true</isCriticalSystemObject><description>Daily</description><iconUrl>/csa/images/categories/period/day.png</iconUrl><name>DAY</name><displayName>Daily</displayName><disabled>false</disabled><categoryType><id>90d96588360da0c701360da0f15b009e</id><objectId>90d96588360da0c701360da0f15b009e</objectId><isCriticalSystemObject>true</isCriticalSystemObject><description>Period</description><name>PERIOD</name><displayName>Period</displayName><extensible>false</extensible></categoryType></recurrencePeriod></pricingModel><offeringState><id>90d96588360da0c701360da0ef91004b</id><objectId>90d96588360da0c701360da0ef91004b</objectId><createdOn>2015-07-22T09:22:49.634-04:00</createdOn><isCriticalSystemObject>true</isCriticalSystemObject><description>Published</description><iconUrl>/csa/images/categories/service_offering_state/published.png</iconUrl><name>PUBLISHED</name><displayName>Published</displayName><disabled>false</disabled><categoryType><id>90d96588360da0c701360da0ef880049</id><objectId>90d96588360da0c701360da0ef880049</objectId><isCriticalSystemObject>true</isCriticalSystemObject><description>Service Offering State</description><name>SERVICE_OFFERING_STATE</name><displayName>Service Offering State</displayName><extensible>false</extensible></categoryType></offeringState><basePrice xmlns:xsi="http://www.w3.org/2001/XMLSchema-instance" xsi:type="recurrentPricingVO"><id>8f2390334fdc36f8015002827f630fea</id><createdOn>2015-09-24T23:18:38.179-04:00</createdOn><updatedOn>2015-09-24T23:18:38.179-04:00</updatedOn><createdBy><id>90d96588360da0c701360da0f1d600a1</id><objectId>90d96588360da0c701360da0f1d600a1</objectId><isCriticalSystemObject>true</isCriticalSystemObject><description>admin</description><iconUrl>http://localhost/admin</iconUrl><name>admin</name><displayName>admin</displayName><disabled>false</disabled></createdBy><updatedBy><id>90d96588360da0c701360da0f1d600a1</id><objectId>90d96588360da0c701360da0f1d600a1</objectId><isCriticalSystemObject>true</isCriticalSystemObject><description>admin</description><iconUrl>http://localhost/admin</iconUrl><name>admin</name><displayName>admin</displayName><disabled>false</disabled></updatedBy><priceCategory><id>90d9650a36897af90136897bc8c10015</id><objectId>90d9650a36897af90136897bc8c10015</objectId><createdOn>2015-07-22T09:22:52.326-04:00</createdOn><isCriticalSystemObject>true</isCriticalSystemObject><description>RECURRING</description><iconUrl>/csa/images/categories/price/recurring.png</iconUrl><name>RECURRING</name><displayName>RECURRING</displayName><disabled>false</disabled><categoryType><id>90d9650a36897af90136897bc7c70014</id><objectId>90d9650a36897af90136897bc7c70014</objectId><isCriticalSystemObject>false</isCriticalSystemObject><description>Price Category</description><name>PRICE_CATEGORY</name><displayName>Price Category</displayName><extensible>false</extensible></categoryType></priceCategory><fixedPrice>0.0</fixedPrice><unitPrice>0.0</unitPrice><pricingComputeType><id>32787A2F288341E689BD9C4CCA5E5331</id><objectId>32787A2F288341E689BD9C4CCA5E5331</objectId><createdOn>2015-07-22T09:22:52.680-04:00</createdOn><isCriticalSystemObject>true</isCriticalSystemObject><description>STATIC</description><name>STATIC</name><displayName>STATIC</displayName><disabled>false</disabled><categoryType><id>BBBB47674CFB4535AC8792EF167C4AD7</id><objectId>BBBB47674CFB4535AC8792EF167C4AD7</objectId><isCriticalSystemObject>false</isCriticalSystemObject><description>Pricing Compute Type</description><name>PRICING_COMPUTE_TYPE</name><displayName>Pricing Compute Type</displayName><extensible>false</extensible></categoryType></pricingComputeType><recurrencePeriod><id>90e3e858361579e90136157a442c00a4</id><objectId>90e3e858361579e90136157a442c00a4</objectId><createdOn>2015-07-22T09:22:51.250-04:00</createdOn><isCriticalSystemObject>true</isCriticalSystemObject><description>Daily</description><iconUrl>/csa/images/categories/period/day.png</iconUrl><name>DAY</name><displayName>Daily</displayName><disabled>false</disabled><categoryType><id>90d96588360da0c701360da0f15b009e</id><objectId>90d96588360da0c701360da0f15b009e</objectId><isCriticalSystemObject>true</isCriticalSystemObject><description>Period</description><name>PERIOD</name><displayName>Period</displayName><extensible>false</extensible></categoryType></recurrencePeriod></basePrice><basePrice xmlns:xsi="http://www.w3.org/2001/XMLSchema-instance" xsi:type="initialPricingVO"><id>8f2390334fdc36f8015002827f630feb</id><createdOn>2015-09-24T23:18:38.179-04:00</createdOn><updatedOn>2015-09-24T23:18:38.179-04:00</updatedOn><createdBy><id>90d96588360da0c701360da0f1d600a1</id><objectId>90d96588360da0c701360da0f1d600a1</objectId><isCriticalSystemObject>true</isCriticalSystemObject><description>admin</description><iconUrl>http://localhost/admin</iconUrl><name>admin</name><displayName>admin</displayName><disabled>false</disabled></createdBy><updatedBy><id>90d96588360da0c701360da0f1d600a1</id><objectId>90d96588360da0c701360da0f1d600a1</objectId><isCriticalSystemObject>true</isCriticalSystemObject><description>admin</description><iconUrl>http://localhost/admin</iconUrl><name>admin</name><displayName>admin</displayName><disabled>false</disabled></updatedBy><priceCategory><id>90d9650a36897af90136897bc93e0016</id><objectId>90d9650a36897af90136897bc93e0016</objectId><createdOn>2015-07-22T09:22:52.331-04:00</createdOn><isCriticalSystemObject>true</isCriticalSystemObject><description>SETUP</description><iconUrl>/csa/images/categories/price/setup.png</iconUrl><name>SETUP</name><displayName>SETUP</displayName><disabled>false</disabled><categoryType><id>90d9650a36897af90136897bc7c70014</id><objectId>90d9650a36897af90136897bc7c70014</objectId><isCriticalSystemObject>false</isCriticalSystemObject><description>Price Category</description><name>PRICE_CATEGORY</name><displayName>Price Category</displayName><extensible>false</extensible></categoryType></priceCategory><fixedPrice>0.0</fixedPrice><unitPrice>0.0</unitPrice><pricingComputeType><id>32787A2F288341E689BD9C4CCA5E5331</id><objectId>32787A2F288341E689BD9C4CCA5E5331</objectId><createdOn>2015-07-22T09:22:52.680-04:00</createdOn><isCriticalSystemObject>true</isCriticalSystemObject><description>STATIC</description><name>STATIC</name><displayName>STATIC</displayName><disabled>false</disabled><categoryType><id>BBBB47674CFB4535AC8792EF167C4AD7</id><objectId>BBBB47674CFB4535AC8792EF167C4AD7</objectId><isCriticalSystemObject>false</isCriticalSystemObject><description>Pricing Compute Type</description><name>PRICING_COMPUTE_TYPE</name><displayName>Pricing Compute Type</displayName><extensible>false</extensible></categoryType></pricingComputeType></basePrice><defaultPrice xmlns:xsi="http://www.w3.org/2001/XMLSchema-instance" xsi:type="recurrentPricingVO"><id>8f2390334fdc36f8015002827f630fec</id><createdOn>2015-09-24T23:18:38.179-04:00</createdOn><updatedOn>2015-09-24T23:18:38.179-04:00</updatedOn><createdBy><id>90d96588360da0c701360da0f1d600a1</id><objectId>90d96588360da0c701360da0f1d600a1</objectId><isCriticalSystemObject>true</isCriticalSystemObject><description>admin</description><iconUrl>http://localhost/admin</iconUrl><name>admin</name><displayName>admin</displayName><disabled>false</disabled></createdBy><updatedBy><id>90d96588360da0c701360da0f1d600a1</id><objectId>90d96588360da0c701360da0f1d600a1</objectId><isCriticalSystemObject>true</isCriticalSystemObject><description>admin</description><iconUrl>http://localhost/admin</iconUrl><name>admin</name><displayName>admin</displayName><disabled>false</disabled></updatedBy><priceCategory><id>90d9650a36897af90136897bc8c10015</id><objectId>90d9650a36897af90136897bc8c10015</objectId><createdOn>2015-07-22T09:22:52.326-04:00</createdOn><isCriticalSystemObject>true</isCriticalSystemObject><description>RECURRING</description><iconUrl>/csa/images/categories/price/recurring.png</iconUrl><name>RECURRING</name><displayName>RECURRING</displayName><disabled>false</disabled><categoryType><id>90d9650a36897af90136897bc7c70014</id><objectId>90d9650a36897af90136897bc7c70014</objectId><isCriticalSystemObject>false</isCriticalSystemObject><description>Price Category</description><name>PRICE_CATEGORY</name><displayName>Price Category</displayName><extensible>false</extensible></categoryType></priceCategory><fixedPrice>0.0</fixedPrice><unitPrice>0.0</unitPrice><pricingComputeType><id>32787A2F288341E689BD9C4CCA5E5331</id><objectId>32787A2F288341E689BD9C4CCA5E5331</objectId><createdOn>2015-07-22T09:22:52.680-04:00</createdOn><isCriticalSystemObject>true</isCriticalSystemObject><description>STATIC</description><name>STATIC</name><displayName>STATIC</displayName><disabled>false</disabled><categoryType><id>BBBB47674CFB4535AC8792EF167C4AD7</id><objectId>BBBB47674CFB4535AC8792EF167C4AD7</objectId><isCriticalSystemObject>false</isCriticalSystemObject><description>Pricing Compute Type</description><name>PRICING_COMPUTE_TYPE</name><displayName>Pricing Compute Type</displayName><extensible>false</extensible></categoryType></pricingComputeType><recurrencePeriod><id>90e3e858361579e90136157a442c00a4</id><objectId>90e3e858361579e90136157a442c00a4</objectId><createdOn>2015-07-22T09:22:51.250-04:00</createdOn><isCriticalSystemObject>true</isCriticalSystemObject><description>Daily</description><iconUrl>/csa/images/categories/period/day.png</iconUrl><name>DAY</name><displayName>Daily</displayName><disabled>false</disabled><categoryType><id>90d96588360da0c701360da0f15b009e</id><objectId>90d96588360da0c701360da0f15b009e</objectId><isCriticalSystemObject>true</isCriticalSystemObject><description>Period</description><name>PERIOD</name><displayName>Period</displayName><extensible>false</extensible></categoryType></recurrencePeriod></defaultPrice><defaultPrice xmlns:xsi="http://www.w3.org/2001/XMLSchema-instance" xsi:type="initialPricingVO"><id>8f2390334fdc36f8015002827f630fed</id><createdOn>2015-09-24T23:18:38.179-04:00</createdOn><updatedOn>2015-09-24T23:18:38.179-04:00</updatedOn><createdBy><id>90d96588360da0c701360da0f1d600a1</id><objectId>90d96588360da0c701360da0f1d600a1</objectId><isCriticalSystemObject>true</isCriticalSystemObject><description>admin</description><iconUrl>http://localhost/admin</iconUrl><name>admin</name><displayName>admin</displayName><disabled>false</disabled></createdBy><updatedBy><id>90d96588360da0c701360da0f1d600a1</id><objectId>90d96588360da0c701360da0f1d600a1</objectId><isCriticalSystemObject>true</isCriticalSystemObject><description>admin</description><iconUrl>http://localhost/admin</iconUrl><name>admin</name><displayName>admin</displayName><disabled>false</disabled></updatedBy><priceCategory><id>90d9650a36897af90136897bc93e0016</id><objectId>90d9650a36897af90136897bc93e0016</objectId><createdOn>2015-07-22T09:22:52.331-04:00</createdOn><isCriticalSystemObject>true</isCriticalSystemObject><description>SETUP</description><iconUrl>/csa/images/categories/price/setup.png</iconUrl><name>SETUP</name><displayName>SETUP</displayName><disabled>false</disabled><categoryType><id>90d9650a36897af90136897bc7c70014</id><objectId>90d9650a36897af90136897bc7c70014</objectId><isCriticalSystemObject>false</isCriticalSystemObject><description>Price Category</description><name>PRICE_CATEGORY</name><displayName>Price Category</displayName><extensible>false</extensible></categoryType></priceCategory><fixedPrice>0.0</fixedPrice><unitPrice>0.0</unitPrice><pricingComputeType><id>32787A2F288341E689BD9C4CCA5E5331</id><objectId>32787A2F288341E689BD9C4CCA5E5331</objectId><createdOn>2015-07-22T09:22:52.680-04:00</createdOn><isCriticalSystemObject>true</isCriticalSystemObject><description>STATIC</description><name>STATIC</name><displayName>STATIC</displayName><disabled>false</disabled><categoryType><id>BBBB47674CFB4535AC8792EF167C4AD7</id><objectId>BBBB47674CFB4535AC8792EF167C4AD7</objectId><isCriticalSystemObject>false</isCriticalSystemObject><description>Pricing Compute Type</description><name>PRICING_COMPUTE_TYPE</name><displayName>Pricing Compute Type</displayName><extensible>false</extensible></categoryType></pricingComputeType></defaultPrice><hideInitialPrice>false</hideInitialPrice><hideRecurringPrice>false</hideRecurringPrice></ServiceOffering>